CREATE DATABASE SOCIAL_MEDIA_ANALYTICS;
USE SOCIAL_MEDIA_ANALYTICS;

CREATE TABLE users (
  user_id INT PRIMARY KEY,
  username VARCHAR(50),
  join_date DATE
);

CREATE TABLE posts (
  post_id INT PRIMARY KEY,
  user_id INT,
  post_content TEXT,
  post_date DATE,
  FOREIGN KEY (user_id) REFERENCES users(user_id)
);

CREATE TABLE comments (
  comment_id INT PRIMARY KEY,
  post_id INT,
  user_id INT,
  comment_content TEXT,
  comment_date DATE,
  FOREIGN KEY (post_id) REFERENCES posts(post_id),
  FOREIGN KEY (user_id) REFERENCES users(user_id)
);

CREATE TABLE likes (
  like_id INT PRIMARY KEY,
  post_id INT,
  user_id INT,
  like_date DATE,
  FOREIGN KEY (post_id) REFERENCES posts(post_id),
  FOREIGN KEY (user_id) REFERENCES users(user_id)
);

CREATE TABLE shares (
  share_id INT PRIMARY KEY,
  post_id INT,
  user_id INT,
  share_date DATE,
  FOREIGN KEY (post_id) REFERENCES posts(post_id),
  FOREIGN KEY (user_id) REFERENCES users(user_id)
);

INSERT INTO users (user_id, username, join_date) VALUES (1, 'scotthall', '2023-11-18');
INSERT INTO users (user_id, username, join_date) VALUES (2, 'dickersonmicheal', '2024-04-20');
INSERT INTO users (user_id, username, join_date) VALUES (3, 'flucas', '2021-01-06');
INSERT INTO users (user_id, username, join_date) VALUES (4, 'katherine33', '2020-01-07');
INSERT INTO users (user_id, username, join_date) VALUES (5, 'daisyjenkins', '2023-02-06');
INSERT INTO users (user_id, username, join_date) VALUES (6, 'andrew76', '2024-06-01');
INSERT INTO users (user_id, username, join_date) VALUES (7, 'kelseystone', '2022-03-26');
INSERT INTO users (user_id, username, join_date) VALUES (8, 'znelson', '2021-05-28');
INSERT INTO users (user_id, username, join_date) VALUES (9, 'seanclark', '2022-09-05');
INSERT INTO users (user_id, username, join_date) VALUES (10, 'joshua67', '2020-06-21');
INSERT INTO users (user_id, username, join_date) VALUES (11, 'rebeccareed', '2022-06-01');
INSERT INTO users (user_id, username, join_date) VALUES (12, 'brittanybrown', '2020-08-19');
INSERT INTO users (user_id, username, join_date) VALUES (13, 'vquinn', '2020-03-19');
INSERT INTO users (user_id, username, join_date) VALUES (14, 'wduncan', '2021-05-29');
INSERT INTO users (user_id, username, join_date) VALUES (15, 'annahensley', '2022-04-13');
INSERT INTO users (user_id, username, join_date) VALUES (16, 'stefanie22', '2021-09-14');
INSERT INTO users (user_id, username, join_date) VALUES (17, 'robertahatfield', '2021-06-27');
INSERT INTO users (user_id, username, join_date) VALUES (18, 'mark32', '2021-01-06');
INSERT INTO users (user_id, username, join_date) VALUES (19, 'srivas', '2020-06-19');
INSERT INTO users (user_id, username, join_date) VALUES (20, 'zlopez', '2021-09-05');
INSERT INTO users (user_id, username, join_date) VALUES (21, 'benjamin86', '2020-09-26');
INSERT INTO users (user_id, username, join_date) VALUES (22, 'hmercer', '2021-12-12');
INSERT INTO users (user_id, username, join_date) VALUES (23, 'qcampbell', '2022-06-14');
INSERT INTO users (user_id, username, join_date) VALUES (24, 'goodwinjohn', '2024-07-17');
INSERT INTO users (user_id, username, join_date) VALUES (25, 'robinsonleslie', '2022-01-29');
INSERT INTO users (user_id, username, join_date) VALUES (26, 'stewartdeanna', '2020-02-27');
INSERT INTO users (user_id, username, join_date) VALUES (27, 'jenna29', '2022-09-18');
INSERT INTO users (user_id, username, join_date) VALUES (28, 'ihenson', '2020-09-17');
INSERT INTO users (user_id, username, join_date) VALUES (29, 'vcharles', '2024-05-22');
INSERT INTO users (user_id, username, join_date) VALUES (30, 'kim34', '2021-12-11');
INSERT INTO users (user_id, username, join_date) VALUES (31, 'zgonzalez', '2020-02-21');
INSERT INTO users (user_id, username, join_date) VALUES (32, 'alison34', '2020-10-01');
INSERT INTO users (user_id, username, join_date) VALUES (33, 'cdavis', '2020-01-10');
INSERT INTO users (user_id, username, join_date) VALUES (34, 'micheal21', '2023-08-13');
INSERT INTO users (user_id, username, join_date) VALUES (35, 'ejohns', '2020-04-13');
INSERT INTO users (user_id, username, join_date) VALUES (36, 'monica54', '2022-08-04');
INSERT INTO users (user_id, username, join_date) VALUES (37, 'ebush', '2022-06-03');
INSERT INTO users (user_id, username, join_date) VALUES (38, 'brittanystanley', '2020-04-01');
INSERT INTO users (user_id, username, join_date) VALUES (39, 'pam79', '2024-07-04');
INSERT INTO users (user_id, username, join_date) VALUES (40, 'james14', '2024-02-01');
INSERT INTO users (user_id, username, join_date) VALUES (41, 'holmesmary', '2020-08-28');
INSERT INTO users (user_id, username, join_date) VALUES (42, 'romeroteresa', '2022-05-06');
INSERT INTO users (user_id, username, join_date) VALUES (43, 'whunter', '2021-02-22');
INSERT INTO users (user_id, username, join_date) VALUES (44, 'davisdevin', '2023-11-04');
INSERT INTO users (user_id, username, join_date) VALUES (45, 'raymond18', '2022-04-01');
INSERT INTO users (user_id, username, join_date) VALUES (46, 'hodgescindy', '2023-10-06');
INSERT INTO users (user_id, username, join_date) VALUES (47, 'joshuatownsend', '2020-01-15');
INSERT INTO users (user_id, username, join_date) VALUES (48, 'cwebb', '2022-08-03');
INSERT INTO users (user_id, username, join_date) VALUES (49, 'smithjesse', '2023-07-05');
INSERT INTO users (user_id, username, join_date) VALUES (50, 'beckermatthew', '2022-11-24');
INSERT INTO posts (post_id, user_id, post_content, post_date) VALUES (1, 1, 'Must little benefit Republican everybody wrong long. Father white blue around traditional with.', '2024-10-17');
INSERT INTO posts (post_id, user_id, post_content, post_date) VALUES (2, 24, 'Current can trade laugh. Must create increase. On individual claim but.', '2024-08-12');
INSERT INTO posts (post_id, user_id, post_content, post_date) VALUES (3, 42, 'Wife within run force subject team. Phone over final.', '2024-01-03');
INSERT INTO posts (post_id, user_id, post_content, post_date) VALUES (4, 34, 'Law pass structure tree same skill other. Five reveal person leader including. Our often artist.', '2024-08-02');
INSERT INTO posts (post_id, user_id, post_content, post_date) VALUES (5, 17, 'Behavior building effect property. Against manager final realize memory.', '2024-03-17');
INSERT INTO posts (post_id, user_id, post_content, post_date) VALUES (6, 32, 'Condition type send job green far. Arm floor head within record future.', '2024-01-17');
INSERT INTO posts (post_id, user_id, post_content, post_date) VALUES (7, 28, 'Somebody write want behavior score assume. Those surface certainly water.', '2024-09-24');
INSERT INTO posts (post_id, user_id, post_content, post_date) VALUES (8, 50, 'End compare beyond. Trial pick think special fund.', '2024-10-02');
INSERT INTO posts (post_id, user_id, post_content, post_date) VALUES (9, 32, 'Left option chair go. Design ask seem already reality prove tree.', '2024-08-27');
INSERT INTO posts (post_id, user_id, post_content, post_date) VALUES (10, 36, 'Yes bad the me state million last. Low rest both pretty. Team easy stuff seek gun mention consider.', '2024-06-09');
INSERT INTO posts (post_id, user_id, post_content, post_date) VALUES (11, 14, 'Civil computer contain hand entire. Of reach appear speak body chair. Feel dog day power author.', '2024-05-19');
INSERT INTO posts (post_id, user_id, post_content, post_date) VALUES (12, 29, 'Senior grow decide ever. Most director compare change mean organization day.', '2024-09-29');
INSERT INTO posts (post_id, user_id, post_content, post_date) VALUES (13, 5, 'White Republican per write guy us. Discussion worker network effort during.', '2024-10-15');
INSERT INTO posts (post_id, user_id, post_content, post_date) VALUES (14, 42, 'Third certain your policy economy your leader. Watch who great represent record travel project.', '2024-02-19');
INSERT INTO posts (post_id, user_id, post_content, post_date) VALUES (15, 25, 'Despite dream figure enough tend. Ask wife federal story voice involve difficult.', '2024-01-08');
INSERT INTO posts (post_id, user_id, post_content, post_date) VALUES (16, 20, 'Produce adult get water second speech boy. Audience form nearly still. Everybody south great fact.', '2024-07-03');
INSERT INTO posts (post_id, user_id, post_content, post_date) VALUES (17, 48, 'Stock particular lawyer place sort pay. Several mouth college matter think doctor style.', '2024-02-24');
INSERT INTO posts (post_id, user_id, post_content, post_date) VALUES (18, 3, 'Think edge soldier crime anything.', '2024-01-21');
INSERT INTO posts (post_id, user_id, post_content, post_date) VALUES (19, 10, 'Travel note by collection action team work certain.', '2024-07-31');
INSERT INTO posts (post_id, user_id, post_content, post_date) VALUES (20, 32, 'Catch music strong dark. Plant player detail family participant. Place job six officer evidence.', '2024-04-25');
INSERT INTO posts (post_id, user_id, post_content, post_date) VALUES (21, 7, 'Control image someone health once American. Agent collection account popular father eight.', '2024-05-13');
INSERT INTO posts (post_id, user_id, post_content, post_date) VALUES (22, 1, 'Tend interest ball stop game continue. Six smile interesting.', '2024-07-19');
INSERT INTO posts (post_id, user_id, post_content, post_date) VALUES (23, 41, 'Call sometimes defense third rest action. However less likely good throughout win nation.', '2024-01-10');
INSERT INTO posts (post_id, user_id, post_content, post_date) VALUES (24, 49, 'Point season receive almost. Everything usually walk. Line glass occur herself.', '2024-09-23');
INSERT INTO posts (post_id, user_id, post_content, post_date) VALUES (25, 10, 'Memory ahead available director new. Sure thing police wife officer.', '2024-02-12');
INSERT INTO posts (post_id, user_id, post_content, post_date) VALUES (26, 18, 'Generation especially ask sit necessary thank. Model too white tax.', '2024-10-11');
INSERT INTO posts (post_id, user_id, post_content, post_date) VALUES (27, 50, 'Performance community travel morning foot. End box fall risk use we will.', '2024-05-06');
INSERT INTO posts (post_id, user_id, post_content, post_date) VALUES (28, 8, 'Defense former together suggest citizen show. Investment but lead accept different bank as.', '2024-06-01');
INSERT INTO posts (post_id, user_id, post_content, post_date) VALUES (29, 13, 'So my it else total real available affect. Young likely else wife every choice.', '2024-10-09');
INSERT INTO posts (post_id, user_id, post_content, post_date) VALUES (30, 8, 'Amount enter friend itself process us. Animal recognize clearly.', '2024-08-14');
INSERT INTO posts (post_id, user_id, post_content, post_date) VALUES (31, 6, 'Ready guess camera nature she easy clearly. Move dog form seek. Maintain town mention this federal.', '2024-04-29');
INSERT INTO posts (post_id, user_id, post_content, post_date) VALUES (32, 7, 'Worry term single rock. Though itself weight nor wonder serve school. Across same bag.', '2024-03-16');
INSERT INTO posts (post_id, user_id, post_content, post_date) VALUES (33, 24, 'Worry growth hard address which use. Air lead entire type. Bit realize role watch.', '2024-08-12');
INSERT INTO posts (post_id, user_id, post_content, post_date) VALUES (34, 46, 'Important other course last begin whatever. Follow gas language floor.', '2024-08-11');
INSERT INTO posts (post_id, user_id, post_content, post_date) VALUES (35, 28, 'Great interview past tend. History table those. Simply may we a. Agency worker than yeah community.', '2024-04-11');
INSERT INTO posts (post_id, user_id, post_content, post_date) VALUES (36, 32, 'Seven decision road deal piece stuff. Song red check really.', '2024-09-23');
INSERT INTO posts (post_id, user_id, post_content, post_date) VALUES (37, 28, 'Program likely go. Develop theory almost recognize.', '2024-08-10');
INSERT INTO posts (post_id, user_id, post_content, post_date) VALUES (38, 10, 'Expert research as same whom north movie. Challenge media quite.', '2024-04-03');
INSERT INTO posts (post_id, user_id, post_content, post_date) VALUES (39, 30, 'Scene budget memory stock first five door. Finally several region thank dinner crime.', '2024-01-12');
INSERT INTO posts (post_id, user_id, post_content, post_date) VALUES (40, 34, 'Tonight perform concern foot there here southern. Finally traditional design bank bank shoulder.', '2024-08-17');
INSERT INTO posts (post_id, user_id, post_content, post_date) VALUES (41, 33, 'Wind hour talk scene bar put this. Range process serious name run our real.', '2024-06-25');
INSERT INTO posts (post_id, user_id, post_content, post_date) VALUES (42, 46, 'According too far. Between ability early support car tax. Dream machine once western believe.', '2024-01-16');
INSERT INTO posts (post_id, user_id, post_content, post_date) VALUES (43, 21, 'Fight save as society image by. Begin hard authority popular.', '2024-06-28');
INSERT INTO posts (post_id, user_id, post_content, post_date) VALUES (44, 16, 'Cut read teacher tax sort. Box job onto law first man.', '2024-02-12');
INSERT INTO posts (post_id, user_id, post_content, post_date) VALUES (45, 14, 'Paper beyond we theory girl. Drug understand current huge usually because.', '2024-04-10');
INSERT INTO posts (post_id, user_id, post_content, post_date) VALUES (46, 4, 'Spring ever choose hair inside. Beautiful car claim capital care.', '2024-01-05');
INSERT INTO posts (post_id, user_id, post_content, post_date) VALUES (47, 46, 'Sport yet benefit everybody bill southern white. Including election reflect reason very president.', '2024-03-26');
INSERT INTO posts (post_id, user_id, post_content, post_date) VALUES (48, 19, 'Modern job material unit color. End check read clear. Letter population serious.', '2024-04-06');
INSERT INTO posts (post_id, user_id, post_content, post_date) VALUES (49, 22, 'Wait new it tend dinner notice. Religious theory agency read travel old.', '2024-03-21');
INSERT INTO posts (post_id, user_id, post_content, post_date) VALUES (50, 42, 'Address dark yard perhaps guess movement test. Official represent class black soon customer hear.', '2024-04-04');
INSERT INTO posts (post_id, user_id, post_content, post_date) VALUES (51, 43, 'Difficult result gun senior. Spring official get view world yourself foreign.', '2024-02-09');
INSERT INTO posts (post_id, user_id, post_content, post_date) VALUES (52, 49, 'Of section around into gas create court simple. Building appear lot particular measure huge speak.', '2024-01-13');
INSERT INTO posts (post_id, user_id, post_content, post_date) VALUES (53, 44, 'After risk loss involve health identify nor. Necessary card writer never.', '2024-06-30');
INSERT INTO posts (post_id, user_id, post_content, post_date) VALUES (54, 4, 'Sound road put play. Push side deep indicate.', '2024-08-09');
INSERT INTO posts (post_id, user_id, post_content, post_date) VALUES (55, 11, 'Above reach receive term.', '2024-03-27');
INSERT INTO posts (post_id, user_id, post_content, post_date) VALUES (56, 3, 'When language head suddenly customer customer. Provide officer door computer.', '2024-01-31');
INSERT INTO posts (post_id, user_id, post_content, post_date) VALUES (57, 24, 'Reality yes cell act I. Decision Mr open specific. Wait try measure peace sign thing sport.', '2024-06-23');
INSERT INTO posts (post_id, user_id, post_content, post_date) VALUES (58, 1, 'Staff find training off paper wait. Least easy significant old stop.', '2024-10-08');
INSERT INTO posts (post_id, user_id, post_content, post_date) VALUES (59, 27, 'Check yet camera choose soon car why. Task course almost economic.', '2024-05-11');
INSERT INTO posts (post_id, user_id, post_content, post_date) VALUES (60, 20, 'Big improve task drive before down. Three lawyer happy mention use news deep. Hope political hand.', '2024-07-12');
INSERT INTO posts (post_id, user_id, post_content, post_date) VALUES (61, 42, 'You condition another policy production political. Too method data local seat.', '2024-01-03');
INSERT INTO posts (post_id, user_id, post_content, post_date) VALUES (62, 10, 'Everyone light feel maintain road expert. Marriage audience try. Remain same marriage authority.', '2024-04-02');
INSERT INTO posts (post_id, user_id, post_content, post_date) VALUES (63, 33, 'Window open bit our.
Money speech why why life middle discussion.', '2024-02-13');
INSERT INTO posts (post_id, user_id, post_content, post_date) VALUES (64, 6, 'Woman later view inside response little travel other. Return fear trouble arm.', '2024-09-25');
INSERT INTO posts (post_id, user_id, post_content, post_date) VALUES (65, 42, 'Spring later leader research son without. Form because style fine week.', '2024-02-05');
INSERT INTO posts (post_id, user_id, post_content, post_date) VALUES (66, 43, 'Get for happy never eye wait wear. Able thus trip clearly. Than special budget expert.', '2024-01-18');
INSERT INTO posts (post_id, user_id, post_content, post_date) VALUES (67, 31, 'He account group home. Available expect everyone yet.', '2024-07-28');
INSERT INTO posts (post_id, user_id, post_content, post_date) VALUES (68, 2, 'Price usually thought town state. Live enjoy need building gun usually American.', '2024-02-15');
INSERT INTO posts (post_id, user_id, post_content, post_date) VALUES (69, 27, 'White amount unit food great. Space spend cup white.', '2024-03-07');
INSERT INTO posts (post_id, user_id, post_content, post_date) VALUES (70, 23, 'Any price market argue. Against beat let. Base oil item itself.', '2024-10-02');
INSERT INTO posts (post_id, user_id, post_content, post_date) VALUES (71, 17, 'Until over if employee live leader. Trade box realize push mother.', '2024-04-18');
INSERT INTO posts (post_id, user_id, post_content, post_date) VALUES (72, 30, 'Citizen pay he. Professor push require end two there leader. Mr parent support here market because.', '2024-03-08');
INSERT INTO posts (post_id, user_id, post_content, post_date) VALUES (73, 34, 'Against true ten safe himself history. Finish include animal film.', '2024-04-25');
INSERT INTO posts (post_id, user_id, post_content, post_date) VALUES (74, 47, 'Hundred many run necessary apply arm meet.
Pattern here treatment somebody study matter.', '2024-07-18');
INSERT INTO posts (post_id, user_id, post_content, post_date) VALUES (75, 13, 'Lose east beautiful each expert partner citizen. Common local throw into expert cell number.', '2024-04-28');
INSERT INTO posts (post_id, user_id, post_content, post_date) VALUES (76, 28, 'Course party himself pick. Door human course especially guess edge partner.', '2024-04-02');
INSERT INTO posts (post_id, user_id, post_content, post_date) VALUES (77, 43, 'Long everything weight many because. Staff song base myself young adult.', '2024-05-30');
INSERT INTO posts (post_id, user_id, post_content, post_date) VALUES (78, 4, 'Form cultural both special democratic expect tell develop. Option different baby computer drop.', '2024-06-29');
INSERT INTO posts (post_id, user_id, post_content, post_date) VALUES (79, 31, 'Style home add situation forward. Thousand local painting civil.', '2024-10-10');
INSERT INTO posts (post_id, user_id, post_content, post_date) VALUES (80, 31, 'Save its pay subject enter person exactly. Born whose group method somebody record including.', '2024-05-22');
INSERT INTO comments (comment_id, post_id, user_id, comment_content, comment_date) VALUES (1, 64, 30, 'Technology job factor lead.', '2024-04-02');
INSERT INTO comments (comment_id, post_id, user_id, comment_content, comment_date) VALUES (2, 14, 46, 'New movie consider take.', '2024-05-17');
INSERT INTO comments (comment_id, post_id, user_id, comment_content, comment_date) VALUES (3, 23, 12, 'All order one former build to.', '2024-08-05');
INSERT INTO comments (comment_id, post_id, user_id, comment_content, comment_date) VALUES (4, 59, 48, 'You age business phone social second hold.', '2024-04-18');
INSERT INTO comments (comment_id, post_id, user_id, comment_content, comment_date) VALUES (5, 8, 17, 'Short apply man international.', '2024-10-19');
INSERT INTO comments (comment_id, post_id, user_id, comment_content, comment_date) VALUES (6, 33, 43, 'Last hot admit cost.', '2024-03-05');
INSERT INTO comments (comment_id, post_id, user_id, comment_content, comment_date) VALUES (7, 6, 1, 'Kitchen upon old perhaps.', '2024-06-22');
INSERT INTO comments (comment_id, post_id, user_id, comment_content, comment_date) VALUES (8, 28, 16, 'Near reason worker skill.', '2024-03-04');
INSERT INTO comments (comment_id, post_id, user_id, comment_content, comment_date) VALUES (9, 21, 19, 'Others down range growth note purpose training.', '2024-04-13');
INSERT INTO comments (comment_id, post_id, user_id, comment_content, comment_date) VALUES (10, 56, 29, 'Girl its fine tree sit.', '2024-05-01');
INSERT INTO comments (comment_id, post_id, user_id, comment_content, comment_date) VALUES (11, 35, 46, 'Yard hit difficult cultural.', '2024-06-28');
INSERT INTO comments (comment_id, post_id, user_id, comment_content, comment_date) VALUES (12, 65, 24, 'Voice move data feeling.', '2024-04-18');
INSERT INTO comments (comment_id, post_id, user_id, comment_content, comment_date) VALUES (13, 14, 33, 'Instead arm be family.', '2024-04-27');
INSERT INTO comments (comment_id, post_id, user_id, comment_content, comment_date) VALUES (14, 19, 20, 'Represent behavior may effort.', '2024-04-06');
INSERT INTO comments (comment_id, post_id, user_id, comment_content, comment_date) VALUES (15, 51, 43, 'Describe growth white.', '2024-01-23');
INSERT INTO comments (comment_id, post_id, user_id, comment_content, comment_date) VALUES (16, 2, 34, 'Now bag above measure number long.', '2024-10-13');
INSERT INTO comments (comment_id, post_id, user_id, comment_content, comment_date) VALUES (17, 26, 3, 'Instead decade bank surface.', '2024-06-17');
INSERT INTO comments (comment_id, post_id, user_id, comment_content, comment_date) VALUES (18, 60, 4, 'Camera result mind attack move speech early take.', '2024-05-16');
INSERT INTO comments (comment_id, post_id, user_id, comment_content, comment_date) VALUES (19, 70, 16, 'Leave tend behavior field number accept entire.', '2024-07-15');
INSERT INTO comments (comment_id, post_id, user_id, comment_content, comment_date) VALUES (20, 30, 38, 'Listen risk firm down may case maintain.', '2024-04-13');
INSERT INTO comments (comment_id, post_id, user_id, comment_content, comment_date) VALUES (21, 10, 4, 'Their enough draw popular southern.', '2024-03-11');
INSERT INTO comments (comment_id, post_id, user_id, comment_content, comment_date) VALUES (22, 33, 33, 'Feeling along where. Fire concern surface.', '2024-03-22');
INSERT INTO comments (comment_id, post_id, user_id, comment_content, comment_date) VALUES (23, 22, 5, 'Blood again event story local large rich.', '2024-01-08');
INSERT INTO comments (comment_id, post_id, user_id, comment_content, comment_date) VALUES (24, 54, 43, 'Treat follow near nor may both trip.', '2024-04-13');
INSERT INTO comments (comment_id, post_id, user_id, comment_content, comment_date) VALUES (25, 79, 48, 'Among nice much relationship civil beautiful.', '2024-05-10');
INSERT INTO comments (comment_id, post_id, user_id, comment_content, comment_date) VALUES (26, 63, 15, 'Work well employee although send center.', '2024-08-02');
INSERT INTO comments (comment_id, post_id, user_id, comment_content, comment_date) VALUES (27, 68, 39, 'Watch its approach manager bar back.', '2024-02-15');
INSERT INTO comments (comment_id, post_id, user_id, comment_content, comment_date) VALUES (28, 4, 9, 'Present necessary member several check hour.', '2024-02-02');
INSERT INTO comments (comment_id, post_id, user_id, comment_content, comment_date) VALUES (29, 25, 24, 'Produce final material agree determine line.', '2024-06-29');
INSERT INTO comments (comment_id, post_id, user_id, comment_content, comment_date) VALUES (30, 60, 16, 'Data with factor language tend thought lead.', '2024-07-10');
INSERT INTO comments (comment_id, post_id, user_id, comment_content, comment_date) VALUES (31, 2, 9, 'She believe world push low.', '2024-07-07');
INSERT INTO comments (comment_id, post_id, user_id, comment_content, comment_date) VALUES (32, 47, 2, 'Buy couple today industry painting.', '2024-03-30');
INSERT INTO comments (comment_id, post_id, user_id, comment_content, comment_date) VALUES (33, 4, 50, 'Political true like listen would machine yard.', '2024-07-14');
INSERT INTO comments (comment_id, post_id, user_id, comment_content, comment_date) VALUES (34, 35, 4, 'Over Mrs just my.', '2024-09-06');
INSERT INTO comments (comment_id, post_id, user_id, comment_content, comment_date) VALUES (35, 61, 33, 'Land to maybe establish total.', '2024-10-06');
INSERT INTO comments (comment_id, post_id, user_id, comment_content, comment_date) VALUES (36, 71, 27, 'Discuss system heavy evening line as however.', '2024-06-06');
INSERT INTO comments (comment_id, post_id, user_id, comment_content, comment_date) VALUES (37, 43, 22, 'Single wrong hand physical any.', '2024-10-02');
INSERT INTO comments (comment_id, post_id, user_id, comment_content, comment_date) VALUES (38, 8, 37, 'Production movie choice will company cut three.', '2024-01-03');
INSERT INTO comments (comment_id, post_id, user_id, comment_content, comment_date) VALUES (39, 54, 19, 'Physical leader happen upon tell.', '2024-01-02');
INSERT INTO comments (comment_id, post_id, user_id, comment_content, comment_date) VALUES (40, 8, 26, 'Kitchen speech house director reach.', '2024-04-12');
INSERT INTO comments (comment_id, post_id, user_id, comment_content, comment_date) VALUES (41, 8, 7, 'Else pressure American.', '2024-09-03');
INSERT INTO comments (comment_id, post_id, user_id, comment_content, comment_date) VALUES (42, 28, 50, 'Stop same direction. Score me pass.', '2024-07-31');
INSERT INTO comments (comment_id, post_id, user_id, comment_content, comment_date) VALUES (43, 4, 28, 'View rise risk heavy church.', '2024-01-22');
INSERT INTO comments (comment_id, post_id, user_id, comment_content, comment_date) VALUES (44, 36, 18, 'Beyond generation difference race modern.', '2024-09-16');
INSERT INTO comments (comment_id, post_id, user_id, comment_content, comment_date) VALUES (45, 20, 20, 'Specific religious fall go.', '2024-06-02');
INSERT INTO comments (comment_id, post_id, user_id, comment_content, comment_date) VALUES (46, 76, 46, 'Perform else sport argue no mention.', '2024-06-27');
INSERT INTO comments (comment_id, post_id, user_id, comment_content, comment_date) VALUES (47, 22, 29, 'Scientist activity foot success better player.', '2024-04-22');
INSERT INTO comments (comment_id, post_id, user_id, comment_content, comment_date) VALUES (48, 1, 11, 'Program every son rather collection me.', '2024-05-13');
INSERT INTO comments (comment_id, post_id, user_id, comment_content, comment_date) VALUES (49, 58, 47, 'Stock parent firm piece else enjoy both.', '2024-02-12');
INSERT INTO comments (comment_id, post_id, user_id, comment_content, comment_date) VALUES (50, 67, 30, 'Red view edge whole.', '2024-07-16');
INSERT INTO comments (comment_id, post_id, user_id, comment_content, comment_date) VALUES (51, 26, 29, 'Age collection some sense fish bed charge.', '2024-09-12');
INSERT INTO comments (comment_id, post_id, user_id, comment_content, comment_date) VALUES (52, 43, 1, 'Save chance marriage guy discussion.', '2024-01-31');
INSERT INTO comments (comment_id, post_id, user_id, comment_content, comment_date) VALUES (53, 25, 35, 'Attention bill relationship power speak.', '2024-01-30');
INSERT INTO comments (comment_id, post_id, user_id, comment_content, comment_date) VALUES (54, 1, 35, 'How local color bit example past politics.', '2024-02-07');
INSERT INTO comments (comment_id, post_id, user_id, comment_content, comment_date) VALUES (55, 6, 8, 'Early several baby recognize.', '2024-06-07');
INSERT INTO comments (comment_id, post_id, user_id, comment_content, comment_date) VALUES (56, 15, 14, 'Imagine discover minute yard want life.', '2024-05-26');
INSERT INTO comments (comment_id, post_id, user_id, comment_content, comment_date) VALUES (57, 32, 12, 'Owner what however suddenly find end.', '2024-06-26');
INSERT INTO comments (comment_id, post_id, user_id, comment_content, comment_date) VALUES (58, 10, 47, 'Direction person direction decade may hold mind.', '2024-04-04');
INSERT INTO comments (comment_id, post_id, user_id, comment_content, comment_date) VALUES (59, 7, 10, 'Available entire south.', '2024-02-23');
INSERT INTO comments (comment_id, post_id, user_id, comment_content, comment_date) VALUES (60, 20, 37, 'Art player hope walk sport shoulder.', '2024-08-13');
INSERT INTO comments (comment_id, post_id, user_id, comment_content, comment_date) VALUES (61, 57, 2, 'Bill difficult a above.', '2024-04-03');
INSERT INTO comments (comment_id, post_id, user_id, comment_content, comment_date) VALUES (62, 29, 27, 'Father exist until able activity most.', '2024-08-26');
INSERT INTO comments (comment_id, post_id, user_id, comment_content, comment_date) VALUES (63, 38, 12, 'Sure name cell no.', '2024-07-26');
INSERT INTO comments (comment_id, post_id, user_id, comment_content, comment_date) VALUES (64, 22, 17, 'Against foot dinner. Hit apply east west.', '2024-02-12');
INSERT INTO comments (comment_id, post_id, user_id, comment_content, comment_date) VALUES (65, 50, 38, 'Onto bar particular.', '2024-10-08');
INSERT INTO comments (comment_id, post_id, user_id, comment_content, comment_date) VALUES (66, 4, 25, 'Key decade individual election poor debate.', '2024-10-16');
INSERT INTO comments (comment_id, post_id, user_id, comment_content, comment_date) VALUES (67, 16, 46, 'But only middle.', '2024-04-29');
INSERT INTO comments (comment_id, post_id, user_id, comment_content, comment_date) VALUES (68, 33, 37, 'Sign close truth low. Early walk media.', '2024-08-10');
INSERT INTO comments (comment_id, post_id, user_id, comment_content, comment_date) VALUES (69, 46, 47, 'Lot point inside chance approach each.', '2024-06-15');
INSERT INTO comments (comment_id, post_id, user_id, comment_content, comment_date) VALUES (70, 51, 20, 'Too respond dinner win.', '2024-08-27');
INSERT INTO comments (comment_id, post_id, user_id, comment_content, comment_date) VALUES (71, 3, 26, 'Keep since see price newspaper.', '2024-06-03');
INSERT INTO comments (comment_id, post_id, user_id, comment_content, comment_date) VALUES (72, 32, 1, 'So present Mr lot.', '2024-03-14');
INSERT INTO comments (comment_id, post_id, user_id, comment_content, comment_date) VALUES (73, 24, 16, 'Rise people administration thing.', '2024-07-19');
INSERT INTO comments (comment_id, post_id, user_id, comment_content, comment_date) VALUES (74, 64, 11, 'Lot fine exactly mind relate.', '2024-02-09');
INSERT INTO comments (comment_id, post_id, user_id, comment_content, comment_date) VALUES (75, 10, 30, 'Ever idea in who. Long garden what success.', '2024-07-11');
INSERT INTO comments (comment_id, post_id, user_id, comment_content, comment_date) VALUES (76, 55, 15, 'Water day discussion scene street place.', '2024-08-27');
INSERT INTO comments (comment_id, post_id, user_id, comment_content, comment_date) VALUES (77, 19, 50, 'Figure song already hair result.', '2024-04-26');
INSERT INTO comments (comment_id, post_id, user_id, comment_content, comment_date) VALUES (78, 41, 27, 'Agency often system hold event.', '2024-08-18');
INSERT INTO comments (comment_id, post_id, user_id, comment_content, comment_date) VALUES (79, 12, 48, 'Institution late worker.', '2024-05-28');
INSERT INTO comments (comment_id, post_id, user_id, comment_content, comment_date) VALUES (80, 79, 21, 'Call build with fund Democrat.', '2024-01-17');
INSERT INTO comments (comment_id, post_id, user_id, comment_content, comment_date) VALUES (81, 74, 16, 'Expect fire pattern who task.', '2024-04-19');
INSERT INTO comments (comment_id, post_id, user_id, comment_content, comment_date) VALUES (82, 26, 38, 'Prove capital happen law bag.', '2024-01-05');
INSERT INTO comments (comment_id, post_id, user_id, comment_content, comment_date) VALUES (83, 49, 35, 'Relationship yard here can easy from.', '2024-01-22');
INSERT INTO comments (comment_id, post_id, user_id, comment_content, comment_date) VALUES (84, 13, 36, 'Our listen modern fly.', '2024-07-16');
INSERT INTO comments (comment_id, post_id, user_id, comment_content, comment_date) VALUES (85, 67, 48, 'Poor end many house common most control.', '2024-05-17');
INSERT INTO comments (comment_id, post_id, user_id, comment_content, comment_date) VALUES (86, 23, 10, 'More prevent protect care.', '2024-04-10');
INSERT INTO comments (comment_id, post_id, user_id, comment_content, comment_date) VALUES (87, 27, 25, 'Visit itself Mrs student general southern whom.', '2024-01-22');
INSERT INTO comments (comment_id, post_id, user_id, comment_content, comment_date) VALUES (88, 14, 28, 'Fast hair young my page story every.', '2024-07-07');
INSERT INTO comments (comment_id, post_id, user_id, comment_content, comment_date) VALUES (89, 78, 31, 'One large mind debate same law sound resource.', '2024-01-31');
INSERT INTO comments (comment_id, post_id, user_id, comment_content, comment_date) VALUES (90, 19, 29, 'Into college century.', '2024-08-16');
INSERT INTO comments (comment_id, post_id, user_id, comment_content, comment_date) VALUES (91, 37, 34, 'Its thing long more hundred. Also as time.', '2024-08-13');
INSERT INTO comments (comment_id, post_id, user_id, comment_content, comment_date) VALUES (92, 8, 29, 'Have yet figure claim begin.', '2024-05-10');
INSERT INTO comments (comment_id, post_id, user_id, comment_content, comment_date) VALUES (93, 13, 18, 'Poor wish country of.', '2024-06-29');
INSERT INTO comments (comment_id, post_id, user_id, comment_content, comment_date) VALUES (94, 22, 30, 'Real future report quality social.', '2024-03-28');
INSERT INTO comments (comment_id, post_id, user_id, comment_content, comment_date) VALUES (95, 53, 39, 'Lose rate you.', '2024-07-11');
INSERT INTO comments (comment_id, post_id, user_id, comment_content, comment_date) VALUES (96, 21, 47, 'Senior majority mean apply discuss believe.', '2024-06-23');
INSERT INTO comments (comment_id, post_id, user_id, comment_content, comment_date) VALUES (97, 35, 39, 'Person blue three weight property game day.', '2024-06-23');
INSERT INTO comments (comment_id, post_id, user_id, comment_content, comment_date) VALUES (98, 7, 40, 'Race generation tree be fill ready.', '2024-10-02');
INSERT INTO comments (comment_id, post_id, user_id, comment_content, comment_date) VALUES (99, 54, 48, 'Sit investment husband task along business.', '2024-08-31');
INSERT INTO comments (comment_id, post_id, user_id, comment_content, comment_date) VALUES (100, 66, 37, 'Without pretty try land up just.', '2024-07-07');
INSERT INTO likes (like_id, post_id, user_id, like_date) VALUES (1, 36, 34, '2024-03-20');
INSERT INTO likes (like_id, post_id, user_id, like_date) VALUES (2, 36, 12, '2024-08-25');
INSERT INTO likes (like_id, post_id, user_id, like_date) VALUES (3, 44, 45, '2024-03-18');
INSERT INTO likes (like_id, post_id, user_id, like_date) VALUES (4, 4, 39, '2024-07-22');
INSERT INTO likes (like_id, post_id, user_id, like_date) VALUES (5, 76, 27, '2024-04-21');
INSERT INTO likes (like_id, post_id, user_id, like_date) VALUES (6, 27, 21, '2024-09-04');
INSERT INTO likes (like_id, post_id, user_id, like_date) VALUES (7, 20, 11, '2024-03-05');
INSERT INTO likes (like_id, post_id, user_id, like_date) VALUES (8, 73, 11, '2024-04-19');
INSERT INTO likes (like_id, post_id, user_id, like_date) VALUES (9, 52, 40, '2024-05-05');
INSERT INTO likes (like_id, post_id, user_id, like_date) VALUES (10, 41, 27, '2024-05-27');
INSERT INTO likes (like_id, post_id, user_id, like_date) VALUES (11, 45, 30, '2024-04-17');
INSERT INTO likes (like_id, post_id, user_id, like_date) VALUES (12, 70, 43, '2024-10-04');
INSERT INTO likes (like_id, post_id, user_id, like_date) VALUES (13, 60, 50, '2024-06-08');
INSERT INTO likes (like_id, post_id, user_id, like_date) VALUES (14, 57, 24, '2024-01-01');
INSERT INTO likes (like_id, post_id, user_id, like_date) VALUES (15, 61, 15, '2024-10-06');
INSERT INTO likes (like_id, post_id, user_id, like_date) VALUES (16, 20, 8, '2024-06-02');
INSERT INTO likes (like_id, post_id, user_id, like_date) VALUES (17, 31, 26, '2024-06-19');
INSERT INTO likes (like_id, post_id, user_id, like_date) VALUES (18, 46, 14, '2024-10-03');
INSERT INTO likes (like_id, post_id, user_id, like_date) VALUES (19, 79, 9, '2024-10-08');
INSERT INTO likes (like_id, post_id, user_id, like_date) VALUES (20, 70, 11, '2024-06-20');
INSERT INTO likes (like_id, post_id, user_id, like_date) VALUES (21, 67, 10, '2024-03-01');
INSERT INTO likes (like_id, post_id, user_id, like_date) VALUES (22, 17, 10, '2024-06-12');
INSERT INTO likes (like_id, post_id, user_id, like_date) VALUES (23, 20, 23, '2024-07-31');
INSERT INTO likes (like_id, post_id, user_id, like_date) VALUES (24, 65, 26, '2024-07-21');
INSERT INTO likes (like_id, post_id, user_id, like_date) VALUES (25, 46, 12, '2024-03-12');
INSERT INTO likes (like_id, post_id, user_id, like_date) VALUES (26, 11, 29, '2024-10-05');
INSERT INTO likes (like_id, post_id, user_id, like_date) VALUES (27, 4, 36, '2024-02-28');
INSERT INTO likes (like_id, post_id, user_id, like_date) VALUES (28, 60, 5, '2024-02-06');
INSERT INTO likes (like_id, post_id, user_id, like_date) VALUES (29, 30, 28, '2024-04-01');
INSERT INTO likes (like_id, post_id, user_id, like_date) VALUES (30, 77, 45, '2024-10-06');
INSERT INTO likes (like_id, post_id, user_id, like_date) VALUES (31, 63, 22, '2024-06-06');
INSERT INTO likes (like_id, post_id, user_id, like_date) VALUES (32, 23, 15, '2024-05-27');
INSERT INTO likes (like_id, post_id, user_id, like_date) VALUES (33, 78, 1, '2024-09-15');
INSERT INTO likes (like_id, post_id, user_id, like_date) VALUES (34, 73, 41, '2024-10-19');
INSERT INTO likes (like_id, post_id, user_id, like_date) VALUES (35, 7, 24, '2024-01-15');
INSERT INTO likes (like_id, post_id, user_id, like_date) VALUES (36, 22, 44, '2024-02-07');
INSERT INTO likes (like_id, post_id, user_id, like_date) VALUES (37, 3, 35, '2024-08-05');
INSERT INTO likes (like_id, post_id, user_id, like_date) VALUES (38, 29, 34, '2024-04-28');
INSERT INTO likes (like_id, post_id, user_id, like_date) VALUES (39, 13, 37, '2024-07-23');
INSERT INTO likes (like_id, post_id, user_id, like_date) VALUES (40, 62, 3, '2024-07-11');
INSERT INTO likes (like_id, post_id, user_id, like_date) VALUES (41, 57, 10, '2024-07-17');
INSERT INTO likes (like_id, post_id, user_id, like_date) VALUES (42, 58, 37, '2024-08-20');
INSERT INTO likes (like_id, post_id, user_id, like_date) VALUES (43, 60, 21, '2024-02-24');
INSERT INTO likes (like_id, post_id, user_id, like_date) VALUES (44, 16, 12, '2024-06-15');
INSERT INTO likes (like_id, post_id, user_id, like_date) VALUES (45, 49, 10, '2024-02-24');
INSERT INTO likes (like_id, post_id, user_id, like_date) VALUES (46, 30, 34, '2024-10-14');
INSERT INTO likes (like_id, post_id, user_id, like_date) VALUES (47, 72, 14, '2024-09-27');
INSERT INTO likes (like_id, post_id, user_id, like_date) VALUES (48, 35, 1, '2024-04-12');
INSERT INTO likes (like_id, post_id, user_id, like_date) VALUES (49, 54, 22, '2024-01-22');
INSERT INTO likes (like_id, post_id, user_id, like_date) VALUES (50, 70, 39, '2024-02-06');
INSERT INTO likes (like_id, post_id, user_id, like_date) VALUES (51, 42, 40, '2024-03-27');
INSERT INTO likes (like_id, post_id, user_id, like_date) VALUES (52, 57, 46, '2024-09-29');
INSERT INTO likes (like_id, post_id, user_id, like_date) VALUES (53, 23, 34, '2024-07-28');
INSERT INTO likes (like_id, post_id, user_id, like_date) VALUES (54, 33, 24, '2024-09-07');
INSERT INTO likes (like_id, post_id, user_id, like_date) VALUES (55, 32, 16, '2024-01-02');
INSERT INTO likes (like_id, post_id, user_id, like_date) VALUES (56, 54, 35, '2024-01-05');
INSERT INTO likes (like_id, post_id, user_id, like_date) VALUES (57, 8, 3, '2024-05-24');
INSERT INTO likes (like_id, post_id, user_id, like_date) VALUES (58, 58, 4, '2024-02-04');
INSERT INTO likes (like_id, post_id, user_id, like_date) VALUES (59, 76, 20, '2024-07-13');
INSERT INTO likes (like_id, post_id, user_id, like_date) VALUES (60, 47, 2, '2024-08-27');
INSERT INTO likes (like_id, post_id, user_id, like_date) VALUES (61, 22, 4, '2024-06-23');
INSERT INTO likes (like_id, post_id, user_id, like_date) VALUES (62, 9, 3, '2024-02-13');
INSERT INTO likes (like_id, post_id, user_id, like_date) VALUES (63, 67, 5, '2024-01-08');
INSERT INTO likes (like_id, post_id, user_id, like_date) VALUES (64, 16, 1, '2024-01-05');
INSERT INTO likes (like_id, post_id, user_id, like_date) VALUES (65, 79, 48, '2024-02-02');
INSERT INTO likes (like_id, post_id, user_id, like_date) VALUES (66, 45, 13, '2024-09-17');
INSERT INTO likes (like_id, post_id, user_id, like_date) VALUES (67, 37, 30, '2024-04-06');
INSERT INTO likes (like_id, post_id, user_id, like_date) VALUES (68, 29, 41, '2024-09-12');
INSERT INTO likes (like_id, post_id, user_id, like_date) VALUES (69, 55, 21, '2024-08-26');
INSERT INTO likes (like_id, post_id, user_id, like_date) VALUES (70, 63, 27, '2024-08-30');
INSERT INTO likes (like_id, post_id, user_id, like_date) VALUES (71, 43, 41, '2024-06-18');
INSERT INTO likes (like_id, post_id, user_id, like_date) VALUES (72, 29, 13, '2024-01-15');
INSERT INTO likes (like_id, post_id, user_id, like_date) VALUES (73, 14, 37, '2024-04-12');
INSERT INTO likes (like_id, post_id, user_id, like_date) VALUES (74, 75, 34, '2024-01-23');
INSERT INTO likes (like_id, post_id, user_id, like_date) VALUES (75, 39, 44, '2024-06-12');
INSERT INTO likes (like_id, post_id, user_id, like_date) VALUES (76, 46, 33, '2024-03-31');
INSERT INTO likes (like_id, post_id, user_id, like_date) VALUES (77, 24, 24, '2024-04-15');
INSERT INTO likes (like_id, post_id, user_id, like_date) VALUES (78, 43, 38, '2024-07-24');
INSERT INTO likes (like_id, post_id, user_id, like_date) VALUES (79, 20, 25, '2024-01-18');
INSERT INTO likes (like_id, post_id, user_id, like_date) VALUES (80, 43, 2, '2024-04-25');
INSERT INTO likes (like_id, post_id, user_id, like_date) VALUES (81, 19, 16, '2024-05-02');
INSERT INTO likes (like_id, post_id, user_id, like_date) VALUES (82, 11, 45, '2024-04-22');
INSERT INTO likes (like_id, post_id, user_id, like_date) VALUES (83, 20, 22, '2024-07-12');
INSERT INTO likes (like_id, post_id, user_id, like_date) VALUES (84, 5, 30, '2024-03-19');
INSERT INTO likes (like_id, post_id, user_id, like_date) VALUES (85, 70, 40, '2024-07-02');
INSERT INTO likes (like_id, post_id, user_id, like_date) VALUES (86, 74, 41, '2024-06-28');
INSERT INTO likes (like_id, post_id, user_id, like_date) VALUES (87, 68, 16, '2024-02-09');
INSERT INTO likes (like_id, post_id, user_id, like_date) VALUES (88, 66, 10, '2024-03-31');
INSERT INTO likes (like_id, post_id, user_id, like_date) VALUES (89, 58, 15, '2024-05-23');
INSERT INTO likes (like_id, post_id, user_id, like_date) VALUES (90, 67, 14, '2024-08-20');
INSERT INTO likes (like_id, post_id, user_id, like_date) VALUES (91, 14, 32, '2024-01-30');
INSERT INTO likes (like_id, post_id, user_id, like_date) VALUES (92, 12, 46, '2024-01-10');
INSERT INTO likes (like_id, post_id, user_id, like_date) VALUES (93, 14, 30, '2024-07-31');
INSERT INTO likes (like_id, post_id, user_id, like_date) VALUES (94, 57, 12, '2024-07-18');
INSERT INTO likes (like_id, post_id, user_id, like_date) VALUES (95, 25, 36, '2024-09-23');
INSERT INTO likes (like_id, post_id, user_id, like_date) VALUES (96, 13, 14, '2024-06-08');
INSERT INTO likes (like_id, post_id, user_id, like_date) VALUES (97, 71, 42, '2024-09-01');
INSERT INTO likes (like_id, post_id, user_id, like_date) VALUES (98, 12, 10, '2024-06-24');
INSERT INTO likes (like_id, post_id, user_id, like_date) VALUES (99, 60, 38, '2024-02-12');
INSERT INTO likes (like_id, post_id, user_id, like_date) VALUES (100, 69, 34, '2024-04-28');
INSERT INTO likes (like_id, post_id, user_id, like_date) VALUES (101, 46, 45, '2024-05-05');
INSERT INTO likes (like_id, post_id, user_id, like_date) VALUES (102, 31, 43, '2024-08-22');
INSERT INTO likes (like_id, post_id, user_id, like_date) VALUES (103, 49, 18, '2024-09-16');
INSERT INTO likes (like_id, post_id, user_id, like_date) VALUES (104, 28, 33, '2024-07-17');
INSERT INTO likes (like_id, post_id, user_id, like_date) VALUES (105, 12, 44, '2024-02-16');
INSERT INTO likes (like_id, post_id, user_id, like_date) VALUES (106, 60, 28, '2024-02-25');
INSERT INTO likes (like_id, post_id, user_id, like_date) VALUES (107, 74, 45, '2024-07-19');
INSERT INTO likes (like_id, post_id, user_id, like_date) VALUES (108, 54, 9, '2024-07-10');
INSERT INTO likes (like_id, post_id, user_id, like_date) VALUES (109, 77, 44, '2024-07-17');
INSERT INTO likes (like_id, post_id, user_id, like_date) VALUES (110, 14, 46, '2024-04-14');
INSERT INTO likes (like_id, post_id, user_id, like_date) VALUES (111, 53, 46, '2024-04-26');
INSERT INTO likes (like_id, post_id, user_id, like_date) VALUES (112, 29, 2, '2024-01-11');
INSERT INTO likes (like_id, post_id, user_id, like_date) VALUES (113, 70, 7, '2024-05-19');
INSERT INTO likes (like_id, post_id, user_id, like_date) VALUES (114, 67, 39, '2024-09-23');
INSERT INTO likes (like_id, post_id, user_id, like_date) VALUES (115, 57, 33, '2024-02-09');
INSERT INTO likes (like_id, post_id, user_id, like_date) VALUES (116, 54, 24, '2024-03-31');
INSERT INTO likes (like_id, post_id, user_id, like_date) VALUES (117, 50, 1, '2024-08-31');
INSERT INTO likes (like_id, post_id, user_id, like_date) VALUES (118, 39, 41, '2024-02-11');
INSERT INTO likes (like_id, post_id, user_id, like_date) VALUES (119, 43, 1, '2024-08-20');
INSERT INTO likes (like_id, post_id, user_id, like_date) VALUES (120, 72, 25, '2024-01-16');
INSERT INTO likes (like_id, post_id, user_id, like_date) VALUES (121, 77, 49, '2024-06-11');
INSERT INTO likes (like_id, post_id, user_id, like_date) VALUES (122, 27, 21, '2024-08-22');
INSERT INTO likes (like_id, post_id, user_id, like_date) VALUES (123, 77, 31, '2024-02-24');
INSERT INTO likes (like_id, post_id, user_id, like_date) VALUES (124, 16, 7, '2024-02-14');
INSERT INTO likes (like_id, post_id, user_id, like_date) VALUES (125, 46, 41, '2024-04-25');
INSERT INTO likes (like_id, post_id, user_id, like_date) VALUES (126, 43, 31, '2024-02-01');
INSERT INTO likes (like_id, post_id, user_id, like_date) VALUES (127, 52, 21, '2024-04-11');
INSERT INTO likes (like_id, post_id, user_id, like_date) VALUES (128, 12, 38, '2024-09-11');
INSERT INTO likes (like_id, post_id, user_id, like_date) VALUES (129, 30, 42, '2024-05-07');
INSERT INTO likes (like_id, post_id, user_id, like_date) VALUES (130, 54, 9, '2024-04-27');
INSERT INTO likes (like_id, post_id, user_id, like_date) VALUES (131, 66, 23, '2024-10-05');
INSERT INTO likes (like_id, post_id, user_id, like_date) VALUES (132, 35, 34, '2024-06-29');
INSERT INTO likes (like_id, post_id, user_id, like_date) VALUES (133, 46, 1, '2024-02-25');
INSERT INTO likes (like_id, post_id, user_id, like_date) VALUES (134, 67, 22, '2024-05-07');
INSERT INTO likes (like_id, post_id, user_id, like_date) VALUES (135, 9, 20, '2024-10-13');
INSERT INTO likes (like_id, post_id, user_id, like_date) VALUES (136, 10, 28, '2024-07-09');
INSERT INTO likes (like_id, post_id, user_id, like_date) VALUES (137, 57, 40, '2024-02-12');
INSERT INTO likes (like_id, post_id, user_id, like_date) VALUES (138, 29, 12, '2024-02-06');
INSERT INTO likes (like_id, post_id, user_id, like_date) VALUES (139, 16, 37, '2024-01-17');
INSERT INTO likes (like_id, post_id, user_id, like_date) VALUES (140, 55, 47, '2024-05-25');
INSERT INTO likes (like_id, post_id, user_id, like_date) VALUES (141, 62, 30, '2024-03-26');
INSERT INTO likes (like_id, post_id, user_id, like_date) VALUES (142, 43, 10, '2024-07-22');
INSERT INTO likes (like_id, post_id, user_id, like_date) VALUES (143, 10, 7, '2024-06-20');
INSERT INTO likes (like_id, post_id, user_id, like_date) VALUES (144, 59, 44, '2024-04-23');
INSERT INTO likes (like_id, post_id, user_id, like_date) VALUES (145, 26, 25, '2024-06-27');
INSERT INTO likes (like_id, post_id, user_id, like_date) VALUES (146, 51, 12, '2024-08-24');
INSERT INTO likes (like_id, post_id, user_id, like_date) VALUES (147, 33, 48, '2024-09-12');
INSERT INTO likes (like_id, post_id, user_id, like_date) VALUES (148, 43, 19, '2024-03-13');
INSERT INTO likes (like_id, post_id, user_id, like_date) VALUES (149, 42, 30, '2024-01-19');
INSERT INTO likes (like_id, post_id, user_id, like_date) VALUES (150, 18, 38, '2024-08-31');
INSERT INTO shares (share_id, post_id, user_id, share_date) VALUES (1, 63, 29, '2024-06-29');
INSERT INTO shares (share_id, post_id, user_id, share_date) VALUES (2, 75, 7, '2024-08-20');
INSERT INTO shares (share_id, post_id, user_id, share_date) VALUES (3, 27, 25, '2024-02-05');
INSERT INTO shares (share_id, post_id, user_id, share_date) VALUES (4, 59, 43, '2024-01-29');
INSERT INTO shares (share_id, post_id, user_id, share_date) VALUES (5, 13, 9, '2024-05-31');
INSERT INTO shares (share_id, post_id, user_id, share_date) VALUES (6, 69, 34, '2024-09-09');
INSERT INTO shares (share_id, post_id, user_id, share_date) VALUES (7, 6, 20, '2024-09-28');
INSERT INTO shares (share_id, post_id, user_id, share_date) VALUES (8, 70, 43, '2024-01-17');
INSERT INTO shares (share_id, post_id, user_id, share_date) VALUES (9, 41, 21, '2024-01-17');
INSERT INTO shares (share_id, post_id, user_id, share_date) VALUES (10, 40, 13, '2024-08-19');
INSERT INTO shares (share_id, post_id, user_id, share_date) VALUES (11, 11, 43, '2024-03-11');
INSERT INTO shares (share_id, post_id, user_id, share_date) VALUES (12, 37, 11, '2024-09-03');
INSERT INTO shares (share_id, post_id, user_id, share_date) VALUES (13, 34, 45, '2024-02-28');
INSERT INTO shares (share_id, post_id, user_id, share_date) VALUES (14, 76, 14, '2024-07-20');
INSERT INTO shares (share_id, post_id, user_id, share_date) VALUES (15, 53, 45, '2024-02-16');
INSERT INTO shares (share_id, post_id, user_id, share_date) VALUES (16, 12, 37, '2024-06-25');
INSERT INTO shares (share_id, post_id, user_id, share_date) VALUES (17, 26, 33, '2024-01-09');
INSERT INTO shares (share_id, post_id, user_id, share_date) VALUES (18, 25, 28, '2024-01-03');
INSERT INTO shares (share_id, post_id, user_id, share_date) VALUES (19, 15, 44, '2024-06-19');
INSERT INTO shares (share_id, post_id, user_id, share_date) VALUES (20, 11, 1, '2024-02-03');
INSERT INTO shares (share_id, post_id, user_id, share_date) VALUES (21, 46, 17, '2024-01-27');
INSERT INTO shares (share_id, post_id, user_id, share_date) VALUES (22, 8, 40, '2024-08-02');
INSERT INTO shares (share_id, post_id, user_id, share_date) VALUES (23, 73, 45, '2024-03-19');
INSERT INTO shares (share_id, post_id, user_id, share_date) VALUES (24, 50, 32, '2024-05-22');
INSERT INTO shares (share_id, post_id, user_id, share_date) VALUES (25, 43, 1, '2024-03-18');
INSERT INTO shares (share_id, post_id, user_id, share_date) VALUES (26, 18, 8, '2024-03-15');
INSERT INTO shares (share_id, post_id, user_id, share_date) VALUES (27, 57, 43, '2024-02-01');
INSERT INTO shares (share_id, post_id, user_id, share_date) VALUES (28, 18, 18, '2024-08-15');
INSERT INTO shares (share_id, post_id, user_id, share_date) VALUES (29, 74, 24, '2024-02-07');
INSERT INTO shares (share_id, post_id, user_id, share_date) VALUES (30, 63, 24, '2024-07-17');
INSERT INTO shares (share_id, post_id, user_id, share_date) VALUES (31, 38, 15, '2024-03-01');
INSERT INTO shares (share_id, post_id, user_id, share_date) VALUES (32, 58, 22, '2024-08-03');
INSERT INTO shares (share_id, post_id, user_id, share_date) VALUES (33, 1, 16, '2024-10-14');
INSERT INTO shares (share_id, post_id, user_id, share_date) VALUES (34, 31, 5, '2024-06-22');
INSERT INTO shares (share_id, post_id, user_id, share_date) VALUES (35, 52, 44, '2024-04-07');
INSERT INTO shares (share_id, post_id, user_id, share_date) VALUES (36, 15, 32, '2024-09-11');
INSERT INTO shares (share_id, post_id, user_id, share_date) VALUES (37, 33, 20, '2024-09-16');
INSERT INTO shares (share_id, post_id, user_id, share_date) VALUES (38, 14, 24, '2024-03-23');
INSERT INTO shares (share_id, post_id, user_id, share_date) VALUES (39, 27, 6, '2024-02-06');
INSERT INTO shares (share_id, post_id, user_id, share_date) VALUES (40, 37, 45, '2024-01-09');
INSERT INTO shares (share_id, post_id, user_id, share_date) VALUES (41, 21, 5, '2024-05-11');
INSERT INTO shares (share_id, post_id, user_id, share_date) VALUES (42, 70, 17, '2024-02-29');
INSERT INTO shares (share_id, post_id, user_id, share_date) VALUES (43, 8, 28, '2024-04-02');
INSERT INTO shares (share_id, post_id, user_id, share_date) VALUES (44, 28, 13, '2024-02-20');
INSERT INTO shares (share_id, post_id, user_id, share_date) VALUES (45, 14, 43, '2024-09-15');
INSERT INTO shares (share_id, post_id, user_id, share_date) VALUES (46, 77, 48, '2024-08-02');
INSERT INTO shares (share_id, post_id, user_id, share_date) VALUES (47, 32, 43, '2024-06-09');
INSERT INTO shares (share_id, post_id, user_id, share_date) VALUES (48, 56, 29, '2024-08-03');
INSERT INTO shares (share_id, post_id, user_id, share_date) VALUES (49, 24, 23, '2024-01-10');
INSERT INTO shares (share_id, post_id, user_id, share_date) VALUES (50, 61, 5, '2024-04-19');
INSERT INTO shares (share_id, post_id, user_id, share_date) VALUES (51, 1, 30, '2024-06-28');
INSERT INTO shares (share_id, post_id, user_id, share_date) VALUES (52, 8, 31, '2024-05-06');
INSERT INTO shares (share_id, post_id, user_id, share_date) VALUES (53, 19, 37, '2024-02-10');
INSERT INTO shares (share_id, post_id, user_id, share_date) VALUES (54, 49, 44, '2024-07-20');
INSERT INTO shares (share_id, post_id, user_id, share_date) VALUES (55, 41, 42, '2024-09-14');
INSERT INTO shares (share_id, post_id, user_id, share_date) VALUES (56, 72, 19, '2024-08-16');
INSERT INTO shares (share_id, post_id, user_id, share_date) VALUES (57, 1, 49, '2024-07-31');
INSERT INTO shares (share_id, post_id, user_id, share_date) VALUES (58, 69, 6, '2024-06-01');
INSERT INTO shares (share_id, post_id, user_id, share_date) VALUES (59, 52, 39, '2024-04-17');
INSERT INTO shares (share_id, post_id, user_id, share_date) VALUES (60, 80, 35, '2024-05-20');
INSERT INTO shares (share_id, post_id, user_id, share_date) VALUES (61, 22, 21, '2024-07-31');
INSERT INTO shares (share_id, post_id, user_id, share_date) VALUES (62, 61, 25, '2024-07-19');
INSERT INTO shares (share_id, post_id, user_id, share_date) VALUES (63, 71, 43, '2024-06-09');
INSERT INTO shares (share_id, post_id, user_id, share_date) VALUES (64, 38, 22, '2024-07-09');
INSERT INTO shares (share_id, post_id, user_id, share_date) VALUES (65, 6, 35, '2024-03-26');
INSERT INTO shares (share_id, post_id, user_id, share_date) VALUES (66, 36, 1, '2024-06-01');
INSERT INTO shares (share_id, post_id, user_id, share_date) VALUES (67, 25, 15, '2024-10-14');
INSERT INTO shares (share_id, post_id, user_id, share_date) VALUES (68, 59, 22, '2024-07-06');
INSERT INTO shares (share_id, post_id, user_id, share_date) VALUES (69, 62, 13, '2024-08-31');
INSERT INTO shares (share_id, post_id, user_id, share_date) VALUES (70, 53, 48, '2024-08-21');